RunLabel,Mesh_h_mm,Area_mm2,Perimeter_mm,Cx_mm,Cy_mm,Ixx_c_mm4,Iyy_c_mm4,Ixy_c_mm4,Ip_c_mm4,Principal_angle_deg,I1_mm4,I2_mm4,J_mm4,rx_mm,ry_mm
Station_12_h3,3.0,190.72922065738203,106.38376217555475,1.06000000037689,-4.519999999757147,887.1530552563911,30151.33539672908,1176.1981570846597,31038.488451985468,-87.70208525500688,30198.533518511966,839.954933473503,2912.8021603469774,2.1567045728953853,12.573166269229333
Station_12_h0.75,0.75,190.72922065738203,106.38376217555475,1.06000000037689,-4.519999999757147,887.1530552563911,30151.33539672908,1176.1981570846597,31038.488451985468,-87.70208525500688,30198.533518511966,839.954933473503,2912.8021603469774,2.1567045728953853,12.573166269229333
Station_12_h0.1875,0.1875,190.72922065738203,106.38376217555475,1.06000000037689,-4.519999999757147,887.1530552563911,30151.33539672908,1176.1981570846597,31038.488451985468,-87.70208525500688,30198.533518511966,839.954933473503,2912.8021603469774,2.1567045728953853,12.573166269229333
