RunLabel,Mesh_h_mm,Area_mm2,Perimeter_mm,Cx_mm,Cy_mm,Ixx_c_mm4,Iyy_c_mm4,Ixy_c_mm4,Ip_c_mm4,Principal_angle_deg,I1_mm4,I2_mm4,J_mm4,rx_mm,ry_mm
Station_12_h3,3.0,190.72922065991293,106.38376217389208,0.0010600000003186895,-0.004520000000295655,887.1530552912373,30151.335397417213,1176.1981572680513,31038.48845270845,-87.7020852547012,30198.53351921375,839.9549334947023,2912.603225314142,2.156704572923432,12.573166269289391
Station_12_h0.75,0.75,190.72922065991295,106.38376217389208,0.0010600000003171968,-0.004520000000295692,887.1530552912368,30151.335397417213,1176.1981572680513,31038.48845270845,-87.7020852547012,30198.53351921375,839.9549334947023,2912.575797082318,2.1567045729234313,12.57316626928939
Station_12_h0.1875,0.1875,190.7292206599132,106.38376217389208,0.0010600000003178284,-0.004520000000295687,887.153055291237,30151.33539741726,1176.198157268048,31038.488452708498,-87.7020852547012,30198.533519213794,839.9549334947042,2910.7875807900928,2.1567045729234304,12.573166269289391
