r/R [-],Jt [mm⁴],Iz [mm⁴],filename
0.25,0.00047641425113271096,0.00364459987414744,Station_2.dxf
0.375,0.00022461496685658903,0.0018132130383136098,Station_4.dxf
0.5,9.897783795863316e-05,0.0009506838435738832,Station_6.dxf
0.625,5.398528833091151e-05,0.00031915745290322115,Station_8.dxf
0.75,1.390560842368738e-05,1.7527749775150644e-05,Station_10.dxf
0.875,0.00013725623197169984,0.00033089095722448053,Station_12.dxf
1.0,0.0008497136040892228,0.002173159135843788,Station_14.dxf
