RunLabel,Mesh_h_mm,Area_mm2,Perimeter_mm,Cx_mm,Cy_mm,Ixx_c_mm4,Iyy_c_mm4,Ixy_c_mm4,Ip_c_mm4,Principal_angle_deg,I1_mm4,I2_mm4,J_mm4,rx_mm,ry_mm
Station_8_h3,3.0,377.63044392480157,149.52487101566254,1.7900000003080159,-5.709999999902549,4182.931087398341,116794.7895068701,10069.647160846256,120977.72059426845,-84.93026015236748,117688.12128987546,3289.5993043929952,11468.16283063918,3.3281803743705582,17.58645214414963
Station_8_h0.75,0.75,377.63044392480157,149.52487101566254,1.7900000003080159,-5.709999999902549,4182.931087398341,116794.7895068701,10069.647160846256,120977.72059426845,-84.93026015236748,117688.12128987546,3289.5993043929952,11468.16283063918,3.3281803743705582,17.58645214414963
Station_8_h0.1875,0.1875,377.63044392480157,149.52487101566254,1.7900000003080159,-5.709999999902549,4182.931087398341,116794.7895068701,10069.647160846256,120977.72059426845,-84.93026015236748,117688.12128987546,3289.5993043929952,11468.16283063918,3.3281803743705582,17.58645214414963
