RunLabel,Mesh_h_mm,Area_mm2,Perimeter_mm,Cx_mm,Cy_mm,Ixx_c_mm4,Iyy_c_mm4,Ixy_c_mm4,Ip_c_mm4,Principal_angle_deg,I1_mm4,I2_mm4,J_mm4,rx_mm,ry_mm
Station_6_h3,3.0,574.2730993834219,183.6352196904272,0.0025000000001129934,-0.0070500000004972115,12117.755575754754,266282.1020734516,33954.79580870356,278399.85764920636,-82.52035721666019,270740.06306530203,7659.794583904324,26668.03274617769,4.593586063309975,21.533357553996513
Station_6_h0.75,0.75,574.273099383422,183.6352196904272,0.0025000000001103393,-0.00705000000049646,12117.755575754752,266282.1020734518,33954.79580870362,278399.85764920653,-82.52035721666016,270740.0630653022,7659.794583904295,26657.849182326638,4.593586063309974,21.533357553996517
Station_6_h0.1875,0.1875,574.273099383425,183.6352196904272,0.002500000000111481,-0.007050000000498972,12117.755575754794,266282.1020734509,33954.79580870353,278399.8576492057,-82.52035721666016,270740.0630653014,7659.794583904353,26642.676233138132,4.59358606330997,21.533357553996428
