RunLabel,Mesh_h_mm,Area_mm2,Perimeter_mm,Cx_mm,Cy_mm,Ixx_c_mm4,Iyy_c_mm4,Ixy_c_mm4,Ip_c_mm4,Principal_angle_deg,I1_mm4,I2_mm4,J_mm4,rx_mm,ry_mm
Station_6_h3,3.0,574.2730993448467,183.63521969164643,2.5000000000205445,-7.0500000001020355,12117.755575183872,266282.10206477076,33954.79580669755,278399.85763995466,-82.5203572168543,270740.06305624085,7659.7945837138,26669.418996102984,4.59358606335605,21.533357554368738
Station_6_h0.75,0.75,574.2730993448467,183.63521969164643,2.5000000000205445,-7.0500000001020355,12117.755575183872,266282.10206477076,33954.79580669755,278399.85763995466,-82.5203572168543,270740.06305624085,7659.7945837138,26669.418996102984,4.59358606335605,21.533357554368738
Station_6_h0.1875,0.1875,574.2730993448467,183.63521969164643,2.5000000000205445,-7.0500000001020355,12117.755575183872,266282.10206477076,33954.79580669755,278399.85763995466,-82.5203572168543,270740.06305624085,7659.7945837138,26669.418996102984,4.59358606335605,21.533357554368738
