RunLabel,Mesh_h_mm,Area_mm2,Perimeter_mm,Cx_mm,Cy_mm,Ixx_c_mm4,Iyy_c_mm4,Ixy_c_mm4,Ip_c_mm4,Principal_angle_deg,I1_mm4,I2_mm4,J_mm4,rx_mm,ry_mm
Station_14_h3,3.0,174.43991695807932,88.2077088007074,0.000846999999494537,-0.002429999999690587,406.9767988187086,15759.68720580208,262.25542021575893,16166.664004620789,-89.02165244140024,15764.16575364276,402.4982509780284,1536.4530457067176,1.5274320181435637,9.504972421571006
Station_14_h0.75,0.75,174.43991695807944,88.2077088007074,0.0008469999994942157,-0.0024299999996906696,406.9767988187085,15759.687205802069,262.25542021575893,16166.664004620778,-89.02165244140024,15764.165753642748,402.4982509780284,1536.4529079878866,1.527432018143563,9.504972421571
Station_14_h0.1875,0.1875,174.43991695807938,88.2077088007074,0.0008469999994904832,-0.002429999999690718,406.97679881870846,15759.687205802069,262.25542021575984,16166.664004620778,-89.02165244140024,15764.165753642748,402.4982509780284,1536.4524977378042,1.527432018143563,9.504972421571003
