RunLabel,Mesh_h_mm,Area_mm2,Perimeter_mm,Cx_mm,Cy_mm,Ixx_c_mm4,Iyy_c_mm4,Ixy_c_mm4,Ip_c_mm4,Principal_angle_deg,I1_mm4,I2_mm4,J_mm4,rx_mm,ry_mm
Station_4_h3,3.0,943.3629499467993,233.29041810601862,3.769999999981845,-10.319999999685269,47697.80579587364,691158.1469168271,133594.628742355,738855.9527127006,-78.72495626373251,717792.4801130923,21063.47259960832,73489.99353981392,7.110658028675778,27.067572455972215
Station_4_h0.75,0.75,943.3629499467993,233.29041810601862,3.769999999981845,-10.319999999685269,47697.80579587364,691158.1469168271,133594.628742355,738855.9527127006,-78.72495626373251,717792.4801130923,21063.47259960832,73489.99353981392,7.110658028675778,27.067572455972215
Station_4_h0.1875,0.1875,943.3629499467993,233.29041810601862,3.769999999981845,-10.319999999685269,47697.80579587364,691158.1469168271,133594.628742355,738855.9527127006,-78.72495626373251,717792.4801130923,21063.47259960832,73489.99353981392,7.110658028675778,27.067572455972215
