RunLabel,Mesh_h_mm,Area_mm2,Perimeter_mm,Cx_mm,Cy_mm,Ixx_c_mm4,Iyy_c_mm4,Ixy_c_mm4,Ip_c_mm4,Principal_angle_deg,I1_mm4,I2_mm4,J_mm4,rx_mm,ry_mm
Station_2_h3,3.0,1435.9437297024026,285.12470901985023,0.005849999999999767,-0.00941000000041269,232152.102335347,1452685.5101408458,505652.7549379891,1684837.6124761929,-70.17782344454511,1634952.8171604695,49884.79531572352,172791.19231740222,12.71503616276808,31.80658859955592
Station_2_h0.75,0.75,1435.9437297024044,285.12470901985023,0.005849999999988262,-0.009410000000421028,232152.10233534768,1452685.5101408449,505652.7549379893,1684837.6124761924,-70.17782344454508,1634952.8171604688,49884.79531572363,172720.77711983118,12.71503616276809,31.806588599555887
Station_2_h0.1875,0.1875,1435.9437297024049,285.12470901985023,0.005850000000018704,-0.009410000000418972,232152.10233534672,1452685.5101408437,505652.75493798783,1684837.6124761903,-70.17782344454511,1634952.8171604667,49884.79531572363,172670.50281167193,12.715036162768062,31.80658859955587
