RunLabel,Mesh_h_mm,Area_mm2,Perimeter_mm,Cx_mm,Cy_mm,Ixx_c_mm4,Iyy_c_mm4,Ixy_c_mm4,Ip_c_mm4,Principal_angle_deg,I1_mm4,I2_mm4,J_mm4,rx_mm,ry_mm
Station_2_h3,3.0,1435.9437297476081,285.1247090204687,5.849999999586881,-9.409999999793628,232152.10234506536,1452685.5101770887,505652.7549572398,1684837.6125221539,-70.17782344431515,1634952.8172059446,49884.79531620952,172840.1496010814,12.715036162834075,31.806588599452027
Station_2_h0.75,0.75,1435.9437297476081,285.1247090204687,5.849999999586881,-9.409999999793628,232152.10234506536,1452685.5101770887,505652.7549572398,1684837.6125221539,-70.17782344431515,1634952.8172059446,49884.79531620952,172840.1496010814,12.715036162834075,31.806588599452027
Station_2_h0.1875,0.1875,1435.9437297476081,285.1247090204687,5.849999999586881,-9.409999999793628,232152.10234506536,1452685.5101770887,505652.7549572398,1684837.6125221539,-70.17782344431515,1634952.8172059446,49884.79531620952,172840.1496010814,12.715036162834075,31.806588599452027
