RunLabel,Mesh_h_mm,Area_mm2,Perimeter_mm,Cx_mm,Cy_mm,Ixx_c_mm4,Iyy_c_mm4,Ixy_c_mm4,Ip_c_mm4,Principal_angle_deg,I1_mm4,I2_mm4,J_mm4,rx_mm,ry_mm
Station_10_h3,3.0,264.0990322914953,124.89314968350335,0.0013700000003439234,-0.005120000000479849,1798.4959780997087,57451.51581237854,3282.9119394120426,59250.011790478246,-86.63573472933872,57644.502053639124,1605.5097368391253,5621.1174430940155,2.609584298070415,14.749161833922326
Station_10_h0.75,0.75,264.0990322914955,124.89314968350335,0.0013700000003408516,-0.005120000000479896,1798.495978099709,57451.51581237851,3282.9119394120403,59250.01179047822,-86.63573472933872,57644.502053639095,1605.5097368391253,5620.376740752239,2.6095842980704145,14.749161833922317
Station_10_h0.1875,0.1875,264.09903229149523,124.89314968350335,0.0013700000003416951,-0.0051200000004797,1798.4959780997128,57451.51581237852,3282.9119394120407,59250.01179047824,-86.63573472933872,57644.50205363911,1605.5097368391325,5617.672496450257,2.6095842980704185,14.749161833922326
