RunLabel,Mesh_h_mm,Area_mm2,Perimeter_mm,Cx_mm,Cy_mm,Ixx_c_mm4,Iyy_c_mm4,Ixy_c_mm4,Ip_c_mm4,Principal_angle_deg,I1_mm4,I2_mm4,J_mm4,rx_mm,ry_mm
Station_10_h3,3.0,264.0990322926691,124.89314968213763,1.3700000000511243,-5.119999999983921,1798.4959779559392,57451.51581368533,3282.911938820749,59250.01179164127,-86.63573473002597,57644.50205487165,1605.5097367696296,5619.729562092159,2.6095842979603123,14.749161834057292
Station_10_h0.75,0.75,264.0990322926691,124.89314968213763,1.3700000000511243,-5.119999999983921,1798.4959779559392,57451.51581368533,3282.911938820749,59250.01179164127,-86.63573473002597,57644.50205487165,1605.5097367696296,5619.729562092159,2.6095842979603123,14.749161834057292
Station_10_h0.1875,0.1875,264.0990322926691,124.89314968213763,1.3700000000511243,-5.119999999983921,1798.4959779559392,57451.51581368533,3282.911938820749,59250.01179164127,-86.63573473002597,57644.50205487165,1605.5097367696296,5619.729562092159,2.6095842979603123,14.749161834057292
